{
  "ss_cur": {
    "total_area": 373031647.5212672,
    "total_count": 213375,
    "area_by": {
      "1": 96644625.59694885,
      "2": 83903129.2522693,
      "3": 73657676.94211045,
      "4": 61638568.581318215,
      "5": 57187647.14862037
    },
    "count_by": {
      "1": 63048,
      "2": 36655,
      "3": 39000,
      "4": 37284,
      "5": 37388
    }
  },
  "ss_50s": {
    "total_area": 494542311.8414557,
    "total_count": 274059,
    "area_by": {
      "1": 123601323.2652837,
      "2": 114805140.30364636,
      "3": 89887160.89636132,
      "4": 85024544.23371631,
      "5": 81224143.14244807
    },
    "count_by": {
      "1": 72688,
      "2": 55505,
      "3": 41777,
      "4": 49655,
      "5": 54434
    }
  },
  "ss_80s": {
    "total_area": 559919650.1284565,
    "total_count": 321353,
    "area_by": {
      "1": 136086384.25749528,
      "2": 119789096.02365205,
      "3": 101056896.03649418,
      "4": 116545623.37924701,
      "5": 86441650.43156789
    },
    "count_by": {
      "1": 84930,
      "2": 58595,
      "3": 50298,
      "4": 70869,
      "5": 56661
    }
  },
  "tid_20s": {
    "total_area": 112464933.25439525,
    "total_count": 65661,
    "area_by": {
      "1": 34702624.877857715,
      "2": 23763233.455284853,
      "3": 22063950.88404245,
      "4": 16255994.82504086,
      "5": 15679129.212169375
    },
    "count_by": {
      "1": 15547,
      "2": 15973,
      "3": 14068,
      "4": 9351,
      "5": 10722
    }
  },
  "tid_50s": {
    "total_area": 118382491.87746741,
    "total_count": 68430,
    "area_by": {
      "1": 40423323.077181906,
      "2": 21302580.79015559,
      "3": 21662837.435505673,
      "4": 19339656.13925287,
      "5": 15654094.435371377
    },
    "count_by": {
      "1": 18558,
      "2": 13306,
      "3": 14466,
      "4": 11749,
      "5": 10351
    }
  },
  "tid_80s": {
    "total_area": 200887901.1662995,
    "total_count": 108828,
    "area_by": {
      "1": 59239536.96090167,
      "2": 40985339.37702787,
      "3": 39761362.36290446,
      "4": 35917514.64910975,
      "5": 24984147.816355735
    },
    "count_by": {
      "1": 29400,
      "2": 20818,
      "3": 22889,
      "4": 21219,
      "5": 14502
    }
  },
  "__labels__": {
    "ss_cur": "Storm Surge (Present)",
    "ss_50s": "Storm Surge (2050s)",
    "ss_80s": "Storm Surge (2080s)",
    "tid_20s": "Tidal Flooding (2020s)",
    "tid_50s": "Tidal Flooding (2050s)",
    "tid_80s": "Tidal Flooding (2080s)"
  }
}